Feature,Mean,Std
Charms,-243.3689252653061,8.78012595471305
Ancient Runes,495.7477678139317,106.30251172750823
Defense Against the Dark Arts,-0.3947007203478073,5.213247914203492
Herbology,1.127431182815178,5.222257898649118
Flying,22.13408163265306,97.91087540752645
Astronomy,39.47007203478073,521.3247914203492
